SibeliusInstrumentName,InstrumentTypeIdentifier,HumdrumInstrumentCode,Notes:
Alp-Horn in F,instrument.brass.alp-horn.f,,
Alp-Horn in G,instrument.brass.alp-horn.g,,
Baritone Bugle in G,instrument.brass.bugle.baritone.g,,
Contrabass Bugle in G,instrument.brass.bugle.contrabass.g,,
Euphonium Bugle in G,instrument.brass.bugle.euphonium.g,,
Mellophone Bugle in G,instrument.brass.bugle.mellophone.g,,
Soprano Bugle in G,instrument.brass.bugle.soprano.g,,
Cimbasso in Bb,instrument.brass.cimbasso.bflat,,
Cimbasso in Eb,instrument.brass.cimbasso.eflat,,
Cimbasso in F,instrument.brass.cimbasso.f,,
Cornet in A,instrument.brass.cornet.a,,humdrum doesn't have a distinction for Cornet in Bb and Cornet in A. Only *Icornt
Cornet in Bb,instrument.brass.cornet.bflat,,humdrum doesn't have a distinction for Cornet in Bb and Cornet in A. Only *Icornt
Soprano Cornet in Eb,instrument.brass.cornet.soprano.eflat,,humdrum doesn't have a distinction for Cornet in Bb and Cornet in A. Only *Icornt
Euphonium in Bb [treble clef],instrument.brass.euphonium,,
"Euphonium in Bb [bass clef, treble transp.]",instrument.brass.euphonium.bassclef,,
Euphonium in C [bass clef],instrument.brass.euphonium.bassclef.bassclef,,
Euphonium in Bb [bass clef],instrument.brass.euphonium.bflat.bassclef.bassclef,,
Flugelhorn,instrument.brass.flugelhorn,*Iflugh,
Horn in A [no key],instrument.brass.horn.a.nokeysig,,humdrum doesn't have a distinction fo the different Horns. Just *Icor
Horn in Ab alto [no key],instrument.brass.horn.alto.aflat.nokeysig,,humdrum doesn't have a distinction fo the different Horns. Just *Icor
Alto Horn in Eb,instrument.brass.horn.alto.eflat,,humdrum doesn't have a distinction fo the different Horns. Just *Icor
Alto Horn in F,instrument.brass.horn.alto.f,,humdrum doesn't have a distinction fo the different Horns. Just *Icor
Horn in B [no key],instrument.brass.horn.b.nokeysig,,humdrum doesn't have a distinction fo the different Horns. Just *Icor
Baritone in Bb [treble clef],instrument.brass.horn.baritone,,
Baritone in C [treble clef],instrument.brass.horn.baritone.2,,
"Baritone in Bb [bass clef, treble transp.]",instrument.brass.horn.baritone.bassclef,,
Baritone in C [bass clef],instrument.brass.horn.baritone.bassclef.bassclef,,
Bass in Bb,instrument.brass.horn.bass.bflat,,
"Bass in Bb [bass clef, treble transp.]",instrument.brass.horn.bass.bflat.bassclef,,
Bass in C,instrument.brass.horn.bass.c,,
Bass in Eb,instrument.brass.horn.bass.eflat,,
"Bass in Eb [bass clef, treble transp.]",instrument.brass.horn.bass.eflat.bassclef,,
A Basso Horn [no key],instrument.brass.horn.basso.a.nokeysig,,humdrum doesn't have a distinction fo the different Horns. Just *Icor
Bb Basso Horn [no key],instrument.brass.horn.basso.bflat.nokeysig,,humdrum doesn't have a distinction fo the different Horns. Just *Icor
C Basso Horn [no key],instrument.brass.horn.basso.c.nokeysig,,humdrum doesn't have a distinction fo the different Horns. Just *Icor
Horn in Bb [no key],instrument.brass.horn.bflat.nokeysig,,humdrum doesn't have a distinction fo the different Horns. Just *Icor
Horn in C [no key],instrument.brass.horn.c.nokeysig,,humdrum doesn't have a distinction fo the different Horns. Just *Icor
Horn in D [no key],instrument.brass.horn.d.nokeysig,,humdrum doesn't have a distinction fo the different Horns. Just *Icor
Horn in Db [no key],instrument.brass.horn.dflat.nokeysig,,humdrum doesn't have a distinction fo the different Horns. Just *Icor
Horn in E [no key],instrument.brass.horn.e.nokeysig,,humdrum doesn't have a distinction fo the different Horns. Just *Icor
Horn in Eb,instrument.brass.horn.eflat,,humdrum doesn't have a distinction fo the different Horns. Just *Icor
Horn in Eb [no key],instrument.brass.horn.eflat.nokeysig,,humdrum doesn't have a distinction fo the different Horns. Just *Icor
Horn in F,instrument.brass.horn.f,,humdrum doesn't have a distinction fo the different Horns. Just *Icor
Horn in F [bass clef],instrument.brass.horn.f.bassclef,,humdrum doesn't have a distinction fo the different Horns. Just *Icor
Horn in F [no key],instrument.brass.horn.f.nokeysig,,humdrum doesn't have a distinction fo the different Horns. Just *Icor
Horn in F# [no key],instrument.brass.horn.fsharp.nokeysig,,humdrum doesn't have a distinction fo the different Horns. Just *Icor
Horn in G [no key],instrument.brass.horn.g.nokeysig,,humdrum doesn't have a distinction fo the different Horns. Just *Icor
Tenor Horn,instrument.brass.horn.tenor,,humdrum doesn't have a distinction fo the different Horns. Just *Icor
Mellophone in Eb,instrument.brass.mellophone.eflat,,
Mellophone in F,instrument.brass.mellophone.f,,
Mellophonium in Eb,instrument.brass.mellophonium.eflat,,
Mellophonium in F,instrument.brass.mellophonium.f,,
Ophicleide,instrument.brass.ophicleide,,
Brass,instrument.brass.section,,
Serpent,instrument.brass.serpent,,
Sousaphone in Bb,instrument.brass.sousaphone.bflat,,
Sousaphone in Eb,instrument.brass.sousaphone.eflat,,
Trombone,instrument.brass.trombone,,
Alto Trombone,instrument.brass.trombone.alto,,
Bass Trombone,instrument.brass.trombone.bass,,
"Trombone in Bb [bass clef, treble transp.]",instrument.brass.trombone.bassclef.trebleclef,,
Contrabass Trombone,instrument.brass.trombone.contrabass,,
Tenor Trombone,instrument.brass.trombone.tenor,,
Trombone in Bb [treble clef],instrument.brass.trombone.trebleclef,,
Trumpet in A,instrument.brass.trumpet.a,,
Trumpet in B [no key],instrument.brass.trumpet.b.nokeysig,,
Bass Trumpet in Bb,instrument.brass.trumpet.bass.bflat,,
Bass Trumpet in Eb,instrument.brass.trumpet.bass.eflat,,
Trumpet in Bb,instrument.brass.trumpet.bflat,,
Trumpet in Bb [no key],instrument.brass.trumpet.bflat.nokeysig,,
Trumpet in C,instrument.brass.trumpet.c,,
Trumpet in D,instrument.brass.trumpet.d,,
Trumpet in Db,instrument.brass.trumpet.dflat,,
Trumpet in E [no key],instrument.brass.trumpet.e.nokeysig,,
Trumpet in Eb,instrument.brass.trumpet.eflat,,
Trumpet in F,instrument.brass.trumpet.f,,
Trumpet in G [no key],instrument.brass.trumpet.g.nokeysig,,
Piccolo Trumpet in A,instrument.brass.trumpet.piccolo.a,,
Piccolo Trumpet in Bb,instrument.brass.trumpet.piccolo.bflat,,
Tenor Trumpet in Eb,instrument.brass.trumpet.tenor.eflat,,
Tuba,instrument.brass.tuba,,
Tuba in F,instrument.brass.tuba.f,,
"Tenor Tuba (Wagner, in Bb)",instrument.brass.tuba.tenor,,
Tenor Tuba [bass clef],instrument.brass.tuba.tenor.bassclef,,
Wagner Tuba in Bb,instrument.brass.tuba.wagner.bflat,,
Wagner Tuba in F,instrument.brass.tuba.wagner.f,,
Applause,instrument.exotic.applause,,
Birdsong,instrument.exotic.birdsong,,
Helicopter,instrument.exotic.helicopter,,
Ondes Martenot,instrument.exotic.ondes-martenot,,
Sampler,instrument.exotic.sampler,,
Seashore,instrument.exotic.seashore,,
Tape,instrument.exotic.tape,,
Telephone,instrument.exotic.telephone,,
Theremin,instrument.exotic.theremin,,
Bajo [notation],instrument.fretted.bajo.5lines,,
"Bajo, 6-string [tab]",instrument.fretted.bajo.tab,,
"Bajo, 4-string [tab]",instrument.fretted.bajo.tab.4lines,,
"Bajo, 5-string [tab]",instrument.fretted.bajo.tab.5lines,,
Alto Balalaika [notation],instrument.fretted.balalaika.alto.5lines,,
Alto Balalaika [tab],instrument.fretted.balalaika.alto.tab,,
Bass Balalaika [notation],instrument.fretted.balalaika.bass.5lines,,
Bass Balalaika [tab],instrument.fretted.balalaika.bass.tab,,
Contrabass Balalaika [notation],instrument.fretted.balalaika.contrabass.5lines,,
Contrabass Balalaika [tab],instrument.fretted.balalaika.contrabass.tab,,
Prima Balalaika [notation],instrument.fretted.balalaika.prima.5lines,,
Prima Balalaika [tab],instrument.fretted.balalaika.prima.tab,,
Second Balalaika [notation],instrument.fretted.balalaika.second.5lines,,
Second Balalaika [tab],instrument.fretted.balalaika.second.tab,,
Bandola [notation],instrument.fretted.bandola.5lines,,
Bandola [tab],instrument.fretted.bandola.tab,,
Bandolón [notation],instrument.fretted.bandolon.5lines,,
Bandolón [tab],instrument.fretted.bandolon.tab,,
Bandurria [notation],instrument.fretted.bandurria.5lines,,
Bandurria [tab],instrument.fretted.bandurria.tab,,
Banjo [notation],instrument.fretted.banjo.5lines,,
Banjo (aDADE tuning) [tab],instrument.fretted.banjo.aDADE.tab,,
Banjo (aEADE tuning) [tab],instrument.fretted.banjo.aEADE.tab,,
Banjo (gCGBD tuning) [tab],instrument.fretted.banjo.gCGBD.tab,,
Banjo (gCGCD tuning) [tab],instrument.fretted.banjo.gCGCD.tab,,
Banjo (gDF#AD tuning) [tab],instrument.fretted.banjo.gDFAD.tab,,
Banjo (gDGBD tuning) [tab],instrument.fretted.banjo.gDGBD.tab,,
Banjo (gDGCD tuning) [tab],instrument.fretted.banjo.gDGCD.tab,,
Tenor Banjo [notation],instrument.fretted.banjo.tenor.5lines,,
Tenor Banjo [tab],instrument.fretted.banjo.tenor.tab,,
Bordonúa [notation],instrument.fretted.bordonua.5lines,,
Bordonúa [tab],instrument.fretted.bordonua.tab,,
Cavaquinho [notation],instrument.fretted.cavaquinho.5lines,,
Cavaquinho [tab],instrument.fretted.cavaquinho.tab,,
Charango [notation],instrument.fretted.charango.5lines,,
Charango [tab],instrument.fretted.charango.tab,,
Cuatro [notation],instrument.fretted.cuatro.5lines,,
"Cuatro, Puerto Rico [tab]",instrument.fretted.cuatro.puerto-rico.tab,,
"Cuatro, Venezuela [tab]",instrument.fretted.cuatro.venezuela.tab,,
Resonator guitar [notation],instrument.fretted.guitar.resonator.5lines,,
"Resonator Guitar, A6 tuning [tab]",instrument.fretted.guitar.resonator.a6.tab,,
"Resonator Guitar, B11 tuning [tab]",instrument.fretted.guitar.resonator.b11.tab,,
"Resonator Guitar, C#m tuning [tab]",instrument.fretted.guitar.resonator.c#m.tab,,
"Resonator Guitar, C6+A7 tuning [tab]",instrument.fretted.guitar.resonator.c6-a7.tab,,
"Resonator Guitar, C6 + high G tuning [tab]",instrument.fretted.guitar.resonator.c6-highg.tab,,
"Resonator Guitar, standard tuning [tab]",instrument.fretted.guitar.resonator.c6.tab,,
"Resonator Guitar, C#m7 tuning [tab]",instrument.fretted.guitar.resonator.cm7.tab,,
"Resonator Guitar, E13 Hawaiian tuning [tab]",instrument.fretted.guitar.resonator.e13-hawaiian.tab,,
"Resonator Guitar, E13 Western tuning [tab]",instrument.fretted.guitar.resonator.e13-western.tab,,
"Resonator Guitar, open A tuning [tab]",instrument.fretted.guitar.resonator.open.A.tab,,
"Resonator Guitar, open G tuning [tab]",instrument.fretted.guitar.resonator.open.G.tab,,
Dulcimer,instrument.fretted.dulcimer,,
Dulcimer [notation],instrument.fretted.dulcimer.5lines,,
Dulcimer (DAA tuning) [tab],instrument.fretted.dulcimer.daa.tab,,
Dulcimer (DAD tuning) [tab],instrument.fretted.dulcimer.dad.tab,,
Gamba [notation],instrument.fretted.gamba.5lines,,
Gamba [tab],instrument.fretted.gamba.tab,,
12-string Acoustic Guitar [notation],instrument.fretted.guitar.12-string.5lines,,
"12-string Acoustic Guitar, DADGAD tuning [tab]",instrument.fretted.guitar.12-string.dadgad.tab,,
"12-string Acoustic Guitar, double D tuning [tab]",instrument.fretted.guitar.12-string.double-d.tab,,
"12-string Acoustic Guitar, dropped D tuning [tab]",instrument.fretted.guitar.12-string.dropped-d.tab,,
"12-string Acoustic Guitar, open D tuning [tab]",instrument.fretted.guitar.12-string.open-d.tab,,
"12-string Acoustic Guitar, open E tuning [tab]",instrument.fretted.guitar.12-string.open-e.tab,,
"12-string Acoustic Guitar, open G tuning [tab]",instrument.fretted.guitar.12-string.open-g.tab,,
"12-string Acoustic Guitar, standard tuning (no rhythms) [tab]",instrument.fretted.guitar.12-string.tab,,
"12-string Acoustic Guitar, standard tuning [tab]",instrument.fretted.guitar.12-string.tab.rhythms,,
Acoustic Guitar [notation],instrument.fretted.guitar.acoustic.5lines,,
"Acoustic Guitar, DADGAD tuning [tab]",instrument.fretted.guitar.acoustic.dadgad.tab,,
"Acoustic Guitar, double D tuning [tab]",instrument.fretted.guitar.acoustic.double-d.tab,,
"Acoustic Guitar, dropped D tuning [tab]",instrument.fretted.guitar.acoustic.dropped-d.tab,,
"Acoustic Guitar, modal D tuning [tab]",instrument.fretted.guitar.acoustic.modal-d.tab,,
"Acoustic Guitar, Nashville tuning [tab]",instrument.fretted.guitar.acoustic.nashville.tab,,
"Acoustic Guitar, open A tuning [tab]",instrument.fretted.guitar.acoustic.open-a.tab,,
"Acoustic Guitar, open C tuning [tab]",instrument.fretted.guitar.acoustic.open-c.tab,,
"Acoustic Guitar, open D tuning [tab]",instrument.fretted.guitar.acoustic.open-d.tab,,
"Acoustic Guitar, open Dm cross-note tuning [tab]",instrument.fretted.guitar.acoustic.open-dm.tab,,
"Acoustic Guitar, open E tuning [tab]",instrument.fretted.guitar.acoustic.open-e.tab,,
"Acoustic Guitar, open G tuning [tab]",instrument.fretted.guitar.acoustic.open-g.tab,,
"Acoustic Guitar, standard tuning (no rhythms) [tab]",instrument.fretted.guitar.acoustic.tab,,
"Acoustic Guitar, standard tuning [tab]",instrument.fretted.guitar.acoustic.tab.rhythms,,
4-string Bass Guitar [notation],instrument.fretted.guitar.bass.4-string.5lines,,
4-string Bass Guitar [tab],instrument.fretted.guitar.bass.4-string.tab,,
5-string Bass Guitar [notation],instrument.fretted.guitar.bass.5-string.5lines,,
5-string Bass Guitar [tab],instrument.fretted.guitar.bass.5-string.tab,,
Bass Guitar [notation],instrument.fretted.guitar.bass.5lines,,
6-string Bass Guitar [notation],instrument.fretted.guitar.bass.6-string.5lines,,
6-string Bass Guitar [tab],instrument.fretted.guitar.bass.6-string.tab,,
Acoustic Bass [notation],instrument.fretted.guitar.bass.acoustic.5lines,,
Acoustic Bass [tab],instrument.fretted.guitar.bass.acoustic.tab,,
5-string Electric Bass [notation],instrument.fretted.guitar.bass.electric.5-string.5lines,,
5-string Electric Bass [tab],instrument.fretted.guitar.bass.electric.5-string.tab,,
Electric Bass [notation],instrument.fretted.guitar.bass.electric.5lines,,
6-string Electric Bass [notation],instrument.fretted.guitar.bass.electric.6-string.5lines,,
6-string Electric Bass [tab],instrument.fretted.guitar.bass.electric.6-string.tab,,
5-string Fretless Electric Bass,instrument.fretted.guitar.bass.electric.fretless.5-string.5lines,,
5-string Fretless Electric Bass [tab],instrument.fretted.guitar.bass.electric.fretless.5-string.tab,,
Fretless Electric Bass [notation],instrument.fretted.guitar.bass.electric.fretless.5lines,,
6-string Fretless Electric Bass,instrument.fretted.guitar.bass.electric.fretless.6-string.5lines,,
6-string Fretless Electric Bass [tab],instrument.fretted.guitar.bass.electric.fretless.6-string.tab,,
Fretless Electric Bass [tab],instrument.fretted.guitar.bass.electric.fretless.tab,,
Electric Bass [tab],instrument.fretted.guitar.bass.electric.tab,,
5-string Fretless Bass Guitar [notation],instrument.fretted.guitar.bass.fretless.5-string.5lines,,
5-string Fretless Bass Guitar [tab],instrument.fretted.guitar.bass.fretless.5-string.tab,,
Fretless Bass Guitar [notation],instrument.fretted.guitar.bass.fretless.5lines,,
6-string Fretless Bass Guitar [notation],instrument.fretted.guitar.bass.fretless.6-string.5lines,,
6-string Fretless Bass Guitar [tab],instrument.fretted.guitar.bass.fretless.6-string.tab,,
Fretless Bass Guitar [tab],instrument.fretted.guitar.bass.fretless.tab,,
Semi-Acoustic Bass [notation],instrument.fretted.guitar.bass.semi-acoustic.5lines,,
Semi-Acoustic Bass [tab],instrument.fretted.guitar.bass.semi-acoustic.tab,,
Bass Guitar [tab],instrument.fretted.guitar.bass.tab,,
"Bass Guitar [tab, with rhythms]",instrument.fretted.guitar.bass.tab.rhythms,,
Classical Guitar [notation],instrument.fretted.guitar.classical.5lines,,
"Classical Guitar, DADGAD tuning [tab]",instrument.fretted.guitar.classical.dadgad.tab,,
"Classical Guitar, double D tuning [tab]",instrument.fretted.guitar.classical.double-d.tab,,
"Classical Guitar, dropped D tuning [tab]",instrument.fretted.guitar.classical.dropped-d.tab,,
"Classical Guitar, open D tuning [tab]",instrument.fretted.guitar.classical.open-d.tab,,
"Classical Guitar, open E tuning [tab]",instrument.fretted.guitar.classical.open-e.tab,,
"Classical Guitar, open G tuning [tab]",instrument.fretted.guitar.classical.open-g.tab,,
"Classical Guitar, standard tuning (no rhythms) [tab]",instrument.fretted.guitar.classical.tab,,
"Classical Guitar, standard tuning [tab]",instrument.fretted.guitar.classical.tab.rhythms,,
Electric Guitar [notation],instrument.fretted.guitar.electric.5lines,,
"7-string Electric Guitar, low A tuning [tab]",instrument.fretted.guitar.electric.7-string.low-a.tab,,
"7-string Electric Guitar, low B tuning [tab]",instrument.fretted.guitar.electric.7-string.tab,,
"Electric Guitar, DADGAD tuning [tab]",instrument.fretted.guitar.electric.dadgad.tab,,
"Electric Guitar, double D tuning [tab]",instrument.fretted.guitar.electric.double-d.tab,,
"Electric Guitar, dropped D tuning [tab]",instrument.fretted.guitar.electric.dropped-d.tab,,
"Electric Guitar, open D tuning [tab]",instrument.fretted.guitar.electric.open-d.tab,,
"Electric Guitar, open E tuning [tab]",instrument.fretted.guitar.electric.open-e.tab,,
"Electric Guitar, open G tuning [tab]",instrument.fretted.guitar.electric.open-g.tab,,
"Electric Guitar, standard tuning (no rhythms) [tab]",instrument.fretted.guitar.electric.tab,,
"Electric Guitar, standard tuning [tab]",instrument.fretted.guitar.electric.tab.rhythms,,
Kora,instrument.fretted.guitar.kora,,
Semi-acoustic Guitar [notation],instrument.fretted.guitar.semi-acoustic.5lines,,
"Semi-acoustic Guitar, DADGAD tuning [tab]",instrument.fretted.guitar.semi-acoustic.dadgad.tab,,
"Semi-acoustic Guitar, double D tuning [tab]",instrument.fretted.guitar.semi-acoustic.double-d.tab,,
"Semi-acoustic Guitar, dropped D tuning [tab]",instrument.fretted.guitar.semi-acoustic.dropped-d.tab,,
"Semi-acoustic Guitar, open D tuning [tab]",instrument.fretted.guitar.semi-acoustic.open-d.tab,,
"Semi-acoustic Guitar, open E tuning [tab]",instrument.fretted.guitar.semi-acoustic.open-e.tab,,
"Semi-acoustic Guitar, open G tuning [tab]",instrument.fretted.guitar.semi-acoustic.open-g.tab,,
"Semi-acoustic Guitar, standard tuning (no rhythms) [tab]",instrument.fretted.guitar.semi-acoustic.tab,,
"Semi-acoustic Guitar, standard tuning [tab]",instrument.fretted.guitar.semi-acoustic.tab.rhythms,,
10-string Hawaiian Steel Guitar [tab],instrument.fretted.guitar.steel.hawaiian.10-string.tab,,
Hawaiian Steel Guitar [notation],instrument.fretted.guitar.steel.hawaiian.5lines,,
"6-string Hawaiian Steel Guitar, standard tuning [tab]",instrument.fretted.guitar.steel.hawaiian.6-string.tab,,
"6-string Hawaiian Steel Guitar, alternate tuning [tab]",instrument.fretted.guitar.steel.hawaiian.6-string.tab.alternative,,
"6-string Hawaiian Steel Guitar, slack key Bb Mauna Loa tuning [tab]",instrument.fretted.guitar.steel.hawaiian.6-string.tab.bflat.mauna.loa,,
"6-string Hawaiian Steel Guitar, slack key C Mauna Loa tuning [tab]",instrument.fretted.guitar.steel.hawaiian.6-string.tab.c.mauna.loa,,
"6-string Hawaiian Steel Guitar, slack key Wahine CGDGBD tuning [tab]",instrument.fretted.guitar.steel.hawaiian.6-string.tab.cgdgbd.wahine,,
"6-string Hawaiian Steel Guitar, slack key Wahine CGDGBE tuning [tab]",instrument.fretted.guitar.steel.hawaiian.6-string.tab.cgdgbe.wahine,,
"6-string Hawaiian Steel Guitar, slack key Wahine DGDF#BD tuning [tab]",instrument.fretted.guitar.steel.hawaiian.6-string.tab.dgdfbd.wahine,,
"6-string Hawaiian Steel Guitar, slack key G Mauna Loa tuning [tab]",instrument.fretted.guitar.steel.hawaiian.6-string.tab.g.mauna.loa,,
"6-string Hawaiian Steel Guitar, slack key G Taro Patch tuning [tab]",instrument.fretted.guitar.steel.hawaiian.6-string.tab.g.taro.patch,,
"6-string Hawaiian Steel Guitar, slack key Wahine GCDGBE tuning [tab]",instrument.fretted.guitar.steel.hawaiian.6-string.tab.gcdgbe.wahine,,
8-string Hawaiian Steel Guitar [tab],instrument.fretted.guitar.steel.hawaiian.8-string.tab,,
"8-string Hawaiian Steel Guitar, alternate tuning [tab]",instrument.fretted.guitar.steel.hawaiian.8-string.tab.alternative,,
Hawaiian Steel Guitar [tab],instrument.fretted.guitar.steel.hawaiian.tab,,
Pedal Steel Guitar [notation],instrument.fretted.guitar.steel.pedal.5lines,,
Pedal Steel Guitar [tab],instrument.fretted.guitar.steel.pedal.tab,,
Guitarra [notation],instrument.fretted.guitarra.5lines,,
"Guitarra, Coimbra [tab]",instrument.fretted.guitarra.coimbra.tab,,
"Guitarra, Lisboa [tab]",instrument.fretted.guitarra.lisboa.tab,,
"Guitarra, Portuguesa [tab]",instrument.fretted.guitarra.portuguesa.tab,,
Guitarrón [notation],instrument.fretted.guitarron.5lines,,
Guitarrón [tab],instrument.fretted.guitarron.tab,,
Laúd [notation],instrument.fretted.laud.5lines,,
Laúd [tab],instrument.fretted.laud.tab,,
Tenor Lute [notation],instrument.fretted.lute.5lines,,
Bass Lute [notation],instrument.fretted.lute.bass-d.french.english.5lines,,
"Bass Lute, D tuning, French/English [tab]",instrument.fretted.lute.bass-d.french.english.tab,,
"Bass Lute, D tuning, Italian [tab]",instrument.fretted.lute.bass-d.italian.tab,,
"Bass Lute, D tuning, Spanish [tab]",instrument.fretted.lute.bass-d.spanish.tab,,
"Tenor Lute, G tuning, Italian [tab]",instrument.fretted.lute.italian.tab,,
"Tenor Lute, G tuning, Spanish [tab]",instrument.fretted.lute.spanish.tab,,
"Tenor Lute, G tuning, French/English [tab]",instrument.fretted.lute.tab,,
"Tenor Lute, A tuning, French/English [tab]",instrument.fretted.lute.tenor-a.french.english.tab,,
"Tenor Lute, A tuning, Italian [tab]",instrument.fretted.lute.tenor-a.italian.tab,,
"Tenor Lute, A tuning, Spanish [tab]",instrument.fretted.lute.tenor-a.spanish.tab,,
Treble Lute [notation],instrument.fretted.lute.treble-d.french.english.5lines,,
"Treble Lute, D tuning, French/English [tab]",instrument.fretted.lute.treble-d.french.english.tab,,
"Treble Lute, D tuning, Italian [tab]",instrument.fretted.lute.treble-d.italian.tab,,
"Treble Lute, D tuning, Spanish [tab]",instrument.fretted.lute.treble-d.spanish.tab,,
Mandolin [notation],instrument.fretted.mandolin.5lines,,
Mandolin [tab],instrument.fretted.mandolin.tab,,
Oud [notation],instrument.fretted.oud.5lines,,
Oud [tab],instrument.fretted.oud.tab,,
Qanoon,instrument.fretted.qanoon.5lines,,
Requinto [notation],instrument.fretted.requinto.5lines,,
Requinto [tab],instrument.fretted.requinto.tab,,
Santoor,instrument.fretted.santoor.5lines,,
Sitar [notation],instrument.fretted.sitar.5lines,,
Sitar (Ravi Shankar) [tab],instrument.fretted.sitar.ravi-shankkar.tab,,
Sitar (Vilayat Khan) [tab],instrument.fretted.sitar.vilayat-khan.tab,,
Tambura (Female) [notation],instrument.fretted.tambura.female,,
Tambura (Male) [notation],instrument.fretted.tambura.male,,
Tiple [notation],instrument.fretted.tiple.5lines,,
"Tiple, Argentina [tab]",instrument.fretted.tiple.argentina.tab,,
"Tiple, Colombia ADF#B tuning [tab]",instrument.fretted.tiple.colombia.tab.adfb,,
"Tiple, Colombia DGBE tuning [tab]",instrument.fretted.tiple.colombia.tab.dgbe,,
"Tiple, Cuba [tab]",instrument.fretted.tiple.cuba.tab,,
"Tiple, Peru [tab]",instrument.fretted.tiple.peru.tab,,
"Tiple, Santo Domingo [tab]",instrument.fretted.tiple.santo.domingo.tab,,
"Tiple, Uruguay [tab]",instrument.fretted.tiple.uruguay.tab,,
Tres [notation],instrument.fretted.tres.5lines,,
"Tres, GCE tuning [tab]",instrument.fretted.tres.tab,,
"Tres, ADF# tuning [tab]",instrument.fretted.tres.tab.adf,,
"Tres, GBE tuning [tab]",instrument.fretted.tres.tab.gbe,,
Ukulele [notation],instrument.fretted.ukulele.5lines,,
Ukulele [tab],instrument.fretted.ukulele.tab,,
Vihuela [notation],instrument.fretted.vihuela.5lines,,
Vihuela [tab],instrument.fretted.vihuela.tab,,
Zither,instrument.fretted.zither,,
Keyboard,instrument.keyboard,,
Accordion,instrument.keyboard.accordion,,
Bandoneon,instrument.keyboard.bandoneon,,
Celesta,instrument.keyboard.celesta,,
Clavichord,instrument.keyboard.clavichord,,
Harmonium,instrument.keyboard.harmonium,,
Harpsichord,instrument.keyboard.harpsichord,,
Keyboards,instrument.keyboard.keyboards,,
Tape Sampler Keyboard [Brass],instrument.keyboard.tape sampler.brass,,
Tape Sampler Keyboard [Choir],instrument.keyboard.tape sampler.choir,,
Tape Sampler Keyboard [Flute],instrument.keyboard.tape sampler.flute,,
Tape Sampler Keyboard [Strings],instrument.keyboard.tape sampler,,
Melodeon,instrument.keyboard.melodeon,,
Electric Organ,instrument.keyboard.organ.electric,,
Organ [manuals],instrument.keyboard.organ.manuals,,
Manual [solo organ manuals],instrument.keyboard.organ.manuals.solo,,
Ped. [Organ pedals],instrument.keyboard.organ.pedals,,
Pedal [solo organ pedals],instrument.keyboard.organ.pedals.solo,,
Piano,instrument.keyboard.piano,,
Electric Piano,instrument.keyboard.piano.electric,,
Electric Clavichord,instrument.keyboard.piano.electric.clavichord,,
Electric Stage Piano,instrument.keyboard.piano.electric.stage,,
Overdriven Electric Piano,instrument.keyboard.piano.electric.overdriven,,
Honky-tonk Piano,instrument.keyboard.piano.honky-tonk,,
Synthesizer,instrument.keyboard.synthesizer,,
Unnamed (2 lines),instrument.other.2lines,,
Unnamed (3 lines),instrument.other.3lines,,
Unnamed (4 lines),instrument.other.4lines,,
Unnamed (bass staff),instrument.other.bassclef,,
No instrument (barlines shown),instrument.other.none.barlines,,
No instrument (bar rests shown),instrument.other.none.barrests,,
No instrument (hidden),instrument.other.none.hidden,,
Solo,instrument.other.solo.real,,
Unnamed (treble staff),instrument.other.trebleclef,,
Almglocken,instrument.pitchedpercussion.almglocken,,
Antique Cymbals,instrument.pitchedpercussion.antiquecymbals,,
Chimes,instrument.pitchedpercussion.bells.chimes,,
Chimes [no key],instrument.pitchedpercussion.bells.chimes.nokeysig,,
Bell lyre [marching band],instrument.pitchedpercussion.bells.marching,,
Orchestral Bells,instrument.pitchedpercussion.bells.orchestral,,
Tubular Bells,instrument.pitchedpercussion.bells.tubular,,
Cimbalom,instrument.pitchedpercussion.cimbalom,,
Crotales,instrument.pitchedpercussion.crotales,,
Steel Drums,instrument.pitchedpercussion.drums.steel,,
"Steel Drums [bass clef, treble transp.]",instrument.pitchedpercussion.drums.steel.bassclef,,
Gamelan Kengong,instrument.pitchedpercussion.gamelan.kengong,,
Gamelan Slentam,instrument.pitchedpercussion.gamelan.slentam,,
Glockenspiel,instrument.pitchedpercussion.glockenspiel,,
Alto Glockenspiel,instrument.pitchedpercussion.glockenspiel.alto,,
Soprano Glockenspiel,instrument.pitchedpercussion.glockenspiel.soprano,,
Handbells,instrument.pitchedpercussion.handbells,,
Harp,instrument.pitchedpercussion.harp,,
Lever Harp,instrument.pitchedpercussion.harp.lever,,
Kalimba,instrument.pitchedpercussion.kalimba,,
Marimba [grand staff],instrument.pitchedpercussion.marimba,,
Marimba [treble staff],instrument.pitchedpercussion.marimba.trebleclef,,
Alto Metallophone,instrument.pitchedpercussion.metallophone.alto,,
Bass Metallophone,instrument.pitchedpercussion.metallophone.bass,,
Soprano Metallophone,instrument.pitchedpercussion.metallophone.soprano,,
Roto-toms,instrument.pitchedpercussion.roto-toms,,
Temple Blocks,instrument.pitchedpercussion.templeblocks,,
Timpani [with key],instrument.pitchedpercussion.timpani,,
Timpani [no key],instrument.pitchedpercussion.timpani.nokeysig,,
Vibraphone,instrument.pitchedpercussion.vibraphone,,
Wood Blocks [5 lines],instrument.pitchedpercussion.woodblocks,,
Xylophone,instrument.pitchedpercussion.xylophone,,
Alto Xylophone,instrument.pitchedpercussion.xylophone.alto,,
Bass Xylophone,instrument.pitchedpercussion.xylophone.bass,,
Contra Bass Bar,instrument.pitchedpercussion.xylophone.contrabass.bar,,
Gyil,instrument.pitchedpercussion.xylophone.gyil,,
Soprano Xylophone,instrument.pitchedpercussion.xylophone.soprano,,
Xylorimba,instrument.pitchedpercussion.xylorimba,,
Alto,instrument.singers.alto,,
Solo Alto,instrument.singers.alto.solo,,
Altus,instrument.singers.altus,,
Baritone,instrument.singers.baritone,,
Solo Baritone,instrument.singers.baritone.solo,,
Bass,instrument.singers.bass,,
Solo Bass,instrument.singers.bass.solo,,
Bassus,instrument.singers.bassus,,
Cantus,instrument.singers.cantus,,
Choir,instrument.singers.choir,,
Contralto,instrument.singers.contralto,,
Countertenor,instrument.singers.counter-tenor,,
Mean,instrument.singers.mean,,
Mezzo-soprano,instrument.singers.mezzo-soprano,,
Quintus,instrument.singers.quintus,,
Secundus,instrument.singers.secundus,,
Soprano,instrument.singers.soprano,,
Solo Soprano,instrument.singers.soprano.solo,,
Tenor,instrument.singers.tenor,,
Solo Tenor,instrument.singers.tenor.solo,,
Treble,instrument.singers.treble,,
Solo Treble,instrument.singers.treble.solo,,
Voice,instrument.singers.voice,,
Voice [male],instrument.singers.voice.male,,
Contrabass,instrument.strings.contrabass,,
Bass [Double],instrument.strings.contrabass.bass,,
Double Bass,instrument.strings.contrabass.double-bass,,
Solo Contrabass,instrument.strings.contrabass.solo,,
String Bass,instrument.strings.contrabass.string,,
Upright Bass,instrument.strings.contrabass.upright,,
Hurdy-gurdy,instrument.strings.hurdy-gurdy,,
Sarangi,instrument.strings.sarangi,,
Strings,instrument.strings.section,,
Strings [reduction],instrument.strings.section.reduction,,
Bass Viol,instrument.strings.viol.bass,,
Tenor Viol,instrument.strings.viol.tenor,,
Treble Viol,instrument.strings.viol.treble,,
Viola,instrument.strings.viola,,
Solo Viola,instrument.strings.viola.solo,,
Violin 1,instrument.strings.violin.1,,
Violin 2,instrument.strings.violin.2,,
Violin I,instrument.strings.violin.I,,
Violin II,instrument.strings.violin.ii,,
Solo Violin,instrument.strings.violin.solo,,
Violoncello,instrument.strings.violoncello,,
Solo Violoncello,instrument.strings.violoncello.solo,,
Anvil,instrument.unpitched.anvil,,
Cha-cha bell [1 line],instrument.unpitched.bells.cha-cha,,
Mambo bell [1 line],instrument.unpitched.bells.mambo,,
Sleigh Bells,instrument.unpitched.bells.sleigh,,
Brake Drum [1 line],instrument.unpitched.brake-drum.1line,,
Cabasa [1 line],instrument.unpitched.cabasa,,
Cabasa [2 lines],instrument.unpitched.cabasa.2lines,,
Castanets,instrument.unpitched.castanets,,
"Shaker, Caxixi [1 line]",instrument.unpitched.caxixi.1line,,
Claves [1 line],instrument.unpitched.claves,,
"Shaker, Cocoa Bean Rattle [1 line]",instrument.unpitched.cocoa bean.1line,,
Finger Cymbals [1 line],instrument.unpitched.cymbals.finger.1line,,
Percussion [1 line],instrument.unpitched.drums.1line,,
Percussion [2 lines],instrument.unpitched.drums.2lines,,
Berimbau,instrument.unpitched.drums.2lines.berimbau,,
Percussion [3 lines],instrument.unpitched.drums.3lines,,
Percussion [4 lines],instrument.unpitched.drums.4lines,,
Percussion [5 lines],instrument.unpitched.drums.5lines,,
Agogos [2 lines],instrument.unpitched.drums.agogos,,
Bass Drum,instrument.unpitched.drums.bass,,
Bass Drum [5 lines],instrument.unpitched.drums.bass.5lines,,
Marching Bass Drum [3 lines],instrument.unpitched.drums.bass.marching.3lines,,
Marching Bass Drum [5 lines],instrument.unpitched.drums.bass.marching.5lines,,
Itótele [Batá Drum],instrument.unpitched.drums.bata.itotele,,
Iyá [Batá Drum],instrument.unpitched.drums.bata.iya,,
Okónkolo [Batá Drum],instrument.unpitched.drums.bata.okonkolo,,
Bongos [2 lines],instrument.unpitched.drums.bongos,,
Bongo Bell [High],instrument.unpitched.drums.bongos.bell.high,,
Bongo Bell [Low],instrument.unpitched.drums.bongos.bell.low,,
Box,instrument.unpitched.drums.box.3lines,,
Cajon [2 lines],instrument.unpitched.drums.cajon,,
Congas [2 lines],instrument.unpitched.drums.congas,,
Congas [1 line],instrument.unpitched.drums.congas.1line,,
Congas [3 lines],instrument.unpitched.drums.congas.3lines,,
Congas [4 lines],instrument.unpitched.drums.congas.4lines,,
Cuíca [3 lines],instrument.unpitched.drums.cuica.3lines,,
Cymbals,instrument.unpitched.drums.cymbal,,
Marching Cymbals [5 lines],instrument.unpitched.drums.cymbals.marching.5lines,,
Djembe [3 lines],instrument.unpitched.drums.djembe.3lines,,
Drum Set (Rock),instrument.unpitched.drums.drumset,,
Drum Set (Alternative),instrument.unpitched.drums.drumset.alternative,,
Drum Set (Brushes),instrument.unpitched.drums.drumset.brushes,,
Drum Set (Dance),instrument.unpitched.drums.drumset.dance,,
Drum Set (Disco),instrument.unpitched.drums.drumset.disco,,
Drum Set (Electronica),instrument.unpitched.drums.drumset.electronic,,
Drum Set (Fusion),instrument.unpitched.drums.drumset.fusion,,
Drum Set (Garage),instrument.unpitched.drums.drumset.garage,,
Drum Set (Hip-hop),instrument.unpitched.drums.drumset.hip-hop,,
Drum Set (Industrial),instrument.unpitched.drums.drumset.industrial,,
Drum Set (Jazz),instrument.unpitched.drums.drumset.jazz,,
Drum Set (Lo-Fi),instrument.unpitched.drums.drumset.lo-fi,,
Drum Set (Metal),instrument.unpitched.drums.drumset.metal,,
Drum Set (Motown),instrument.unpitched.drums.drumset.motown,,
Drum Set (New Age),instrument.unpitched.drums.drumset.new age,,
Drum Set (Pop),instrument.unpitched.drums.drumset.pop,,
Drum Set (Reggae),instrument.unpitched.drums.drumset.reggae,,
Drum Set (Stadium Rock),instrument.unpitched.drums.drumset.rock.stadium,,
Drum Set (Rods),instrument.unpitched.drums.drumset.rods,,
Drum Set (Drum Machine),instrument.unpitched.drums.drumset.tr-808,,
Dumbek [3 lines],instrument.unpitched.drums.dumbek.3lines,,
Kidi [Ewe Drum],instrument.unpitched.drums.ewe.kidi,,
Sogo [Ewe Drum],instrument.unpitched.drums.ewe.sogo,,
Gankokwe (Bell),instrument.unpitched.drums.gankokwe,,
Jam Blocks [2 lines],instrument.unpitched.drums.jamblocks,,
Jawbone [1 line],instrument.unpitched.drums.jawbone.1line,,
Pandeiro [2 lines],instrument.unpitched.drums.pandeiro,,
Rain Stick (High) [1 line],instrument.unpitched.drums.rainstick.high.1line,,
Rain Stick (Low) [1 line],instrument.unpitched.drums.rainstick.low.1line,,
Egg Shaker (High) [1 line],instrument.unpitched.drums.shaker.high.1line,,
Egg Shaker (Low) [1 line],instrument.unpitched.drums.shaker.low.1line,,
Egg Shaker (Medium) [1 line],instrument.unpitched.drums.shaker.medium.1line,,
Side Drum,instrument.unpitched.drums.side,,
Snare Drum,instrument.unpitched.drums.snare,,
Marching Snare Drums [5 lines],instrument.unpitched.drums.snare.5lines,,
Surdo [2 lines],instrument.unpitched.drums.surdo,,
Tabla,instrument.unpitched.drums.table,,
Taiko Drum,instrument.unpitched.drums.taiko,,
Tenor Drum,instrument.unpitched.drums.tenor,,
Marching Tenor Drums [5 lines],instrument.unpitched.drums.tenor.marching,,
Quads [5 lines],instrument.unpitched.drums.tenor.marching.quads,,
Tom-toms [5 lines],instrument.unpitched.drums.tom-toms,,
Tom-toms [4 lines],instrument.unpitched.drums.tom-toms.4lines,,
Udu,instrument.unpitched.drums.udu,,
"Shaker, Egg Shaker [1 line]",instrument.unpitched.egg shaker.1line,,
Finger Click [1 line],instrument.unpitched.fingerclick,,
Gamelan Gong Ageng (High) [1 line],instrument.unpitched.gamelan.gong-ageng.high,,
Gamelan Gong Ageng (Low) [1 line],instrument.unpitched.gamelan.gong-ageng.low,,
Gamelan Kempyang and Ketuk [2 lines],instrument.unpitched.gamelan.kempyang-ketuk,,
Gamelan Khendang Ageng [1 line],instrument.unpitched.gamelan.khendang-ageng,,
Gamelan Khendang Ciblon [1 line],instrument.unpitched.gamelan.khendang-ciblon,,
Large Gong [1 line],instrument.unpitched.gong.large.1line,,
Medium Gong [1 line],instrument.unpitched.gong.medium.1line,,
Gourd [1 line],instrument.unpitched.gourd,,
Guira [1 line],instrument.unpitched.guira,,
Guiro (High) [1 line],instrument.unpitched.guiro.high,,
Guiro (Medium) [1 line],instrument.unpitched.guiro.medium,,
Handclap [1 line],instrument.unpitched.handclap,,
"Shaker, Kayamba [1 line]",instrument.unpitched.kayamba.1line,,
Maracas,instrument.unpitched.maracas,,
"Shaker, Gourd Maracas [1 line]",instrument.unpitched.maracas.gourd.1line,,
Maracas [High],instrument.unpitched.maracas.high,,
Maracas [Medium],instrument.unpitched.maracas.medium,,
Mark tree [1 line],instrument.unpitched.marktree,,
"Shaker, Nsak Rattle [1 line]",instrument.unpitched.nsak.1line,,
Finger Snaps,instrument.unpitched.orff.fingersnaps,,
Hand Claps,instrument.unpitched.orff.handclaps,,
Patsch,instrument.unpitched.orff.patsch,,
Stamp,instrument.unpitched.orff.stamp,,
Salsa bell [1 line],instrument.unpitched.salsa.bell,,
Shaker [1 line],instrument.unpitched.shaker,,
"Shaker, Shekere [1 line]",instrument.unpitched.shekere.1line,,
Tam-tam,instrument.unpitched.tam-tam,,
Tambourine,instrument.unpitched.tambourine,,
Timbales [2 lines],instrument.unpitched.timbales.2lines,,
Timbales [5 lines],instrument.unpitched.timbales.5lines,,
Triangle,instrument.unpitched.triangle,,
"Shaker, Wasembe Rattle (High) [1 line]",instrument.unpitched.wasembe.high.1line,,
"Shaker, Wasembe Rattle (Low) [1 line]",instrument.unpitched.wasembe.low.1line,,
"Shaker, Wasembe Rattle (Medium) [1 line]",instrument.unpitched.wasembe.medium.1line,,
Whip,instrument.unpitched.whip,,
Whistle,instrument.unpitched.whistle,,
Wind Chimes [1 line],instrument.unpitched.wind-chimes.1line,,
Wood Block [1 line],instrument.unpitched.woodblock.1line,,
Bagpipes,instrument.wind.bagpipe,,
Basset Horn,instrument.wind.basset-horn,,
Bassoon,instrument.wind.bassoon,,
Contrabassoon,instrument.wind.bassoon.contrabassoon,,
Quart Bassoon,instrument.wind.bassoon.quart,,
Quint Bassoon,instrument.wind.bassoon.quint,,
Clarinet in A,instrument.wind.clarinet.a,,
Clarinet in Ab,instrument.wind.clarinet.aflat,,
Alto Clarinet in Eb,instrument.wind.clarinet.alto.eflat,,
"Alto Clarinet in Eb [bass clef, treble transp.]",instrument.wind.clarinet.alto.eflat.bassclef,,
Bass Clarinet in Bb,instrument.wind.clarinet.bass.bflat,,
Bass Clarinet in Bb [score sounds 8vb],instrument.wind.clarinet.bass.bflat.8vb-score,,
"Bass Clarinet in Bb [bass clef, treble transp.]",instrument.wind.clarinet.bass.bflat.bassclef,,
Clarinet in Bb,instrument.wind.clarinet.bflat,,
Clarinet in C,instrument.wind.clarinet.c,,
Contra Alto Clarinet in Eb,instrument.wind.clarinet.contra.alto.eflat,,
Contra Alto Clarinet in Eb [score sounds 8vb],instrument.wind.clarinet.contra.alto.eflat.8vb-score,,
"Contra Alto Clarinet in Eb [bass clef, treble transp.]",instrument.wind.clarinet.contra.alto.eflat.bassclef,,
Contrabass Clarinet in Bb,instrument.wind.clarinet.contrabass.bflat,,
Contrabass Clarinet in Bb [score sounds 15mb],instrument.wind.clarinet.contrabass.bflat.15mb-score,,
"Contrabass Clarinet in Bb [bass clef, treble transp.]",instrument.wind.clarinet.contrabass.bflat.bassclef,,
Clarinet in D,instrument.wind.clarinet.d,,
Clarinet in Eb,instrument.wind.clarinet.eflat,,
Clarinet in G,instrument.wind.clarinet.g,,
Cor Anglais,instrument.wind.coranglais,,
Didgeridoo,instrument.wind.didgeridoo,,
Duduk,instrument.wind.duduk,,
English Horn,instrument.wind.englishhorn,,
Flageolet,instrument.wind.flageolet,,
Flute,instrument.wind.flute,,
Alto Flute,instrument.wind.flute.alto,,
Bansuri,instrument.wind.flute.bansuri,,
Bass Flute,instrument.wind.flute.bass,,
Eb Flute,instrument.wind.flute.eflat,,
G Flute,instrument.wind.flute.g,,
Harmonica,instrument.wind.harmonica,,
Heckelphone,instrument.wind.heckelphone,,
Mey,instrument.wind.mey,,
Nai,instrument.wind.nai,,
Oboe,instrument.wind.oboe,,
Baritone Oboe,instrument.wind.oboe.baritone,,
Bass Oboe,instrument.wind.oboe.bass,,
Oboe d'Amore,instrument.wind.oboe.damore,,
Ocarina,instrument.wind.ocarina,,
Panpipes,instrument.wind.panpipes,,
Piccolo,instrument.wind.piccolo,,
Military Piccolo in Db,instrument.wind.piccolo.dflat,,
Alto Recorder,instrument.wind.recorder.alto,,
Bass Recorder,instrument.wind.recorder.bass,,
Great Bass Recorder,instrument.wind.recorder.bass.great,,
Contrabass Recorder,instrument.wind.recorder.contrabass,,
Descant Recorder,instrument.wind.recorder.descant,,
Sopranino Recorder,instrument.wind.recorder.sopranino,,
Soprano Recorder,instrument.wind.recorder.soprano,,
Tenor Recorder,instrument.wind.recorder.tenor,,
Treble Recorder,instrument.wind.recorder.treble,,
Alto Saxophone,instrument.wind.saxophone.alto,,
Baritone Saxophone,instrument.wind.saxophone.baritone,,
Baritone Saxophone [score sounds 8vb],instrument.wind.saxophone.baritone.8vb-score,,
"Baritone Saxophone [bass clef, treble transp.]",instrument.wind.saxophone.baritone.bassclef,,
Bass Saxophone,instrument.wind.saxophone.bass,,
Bass Saxophone [score sounds 15mb],instrument.wind.saxophone.bass.15mb-score,,
"Bass Saxophone [bass clef, treble transp.]",instrument.wind.saxophone.bass.bassclef,,
C Melody Saxophone,instrument.wind.saxophone.c-melody,,
Contrabass (Tubax) Saxophone,instrument.wind.saxophone.contrabass,,
Contrabass (Tubax) Saxophone [score sounds 15mb],instrument.wind.saxophone.contrabass.15mb-score,,
"Contrabass (Tubax) Sax [bass clef, treble transp.]",instrument.wind.saxophone.contrabass.bassclef,,
F Mezzo Soprano Saxophone,instrument.wind.saxophone.mezz-soprano.f,,
Sopranino Saxophone,instrument.wind.saxophone.sopranino,,
Piccolo Saxophone in Bb [Soprillo],instrument.wind.saxophone.sopranino.bflat,,
Soprano Saxophone,instrument.wind.saxophone.soprano,,
C Soprano Saxophone,instrument.wind.saxophone.soprano.c,,
Subcontrabass (Tubax) Saxophone,instrument.wind.saxophone.subcontrabass,,
Subcontrabass (Tubax) Saxophone [score sounds 15mb],instrument.wind.saxophone.subcontrabass.15mb-score,,
"Subcontrabass (Tubax) Sax [bass clef, treble transp.]",instrument.wind.saxophone.subcontrabass.bassclef,,
Tenor Saxophone,instrument.wind.saxophone.tenor,,
Tenor Saxophone [score sounds 8vb],instrument.wind.saxophone.tenor.8vb-score,,
"Tenor Saxophone [bass clef, treble transp.]",instrument.wind.saxophone.tenor.bassclef,,
Woodwind,instrument.wind.section,,
Shakuhachi,instrument.wind.shakuhachi,,
Tin Whistle,instrument.wind.whistle.tin,,
